1.jpg, 314, 385, 173, 255, 1
1.jpg, 317, 395, 110, 189, 1
1.jpg, 256, 365, 355, 438, 1
1.jpg, 321, 404, 454, 525, 1
1.jpg, 281, 371, 551, 625, 1
1.jpg, 418, 489, 543, 618, 1
1.jpg, 415, 481, 604, 675, 1
1.jpg, 164, 240, 81, 139, 2
1.jpg, 235, 324, 462, 528, 1
2.jpg, 523, 821, 219, 428, 4
2.jpg, 132, 433, 507, 736, 4
2.jpg, 53, 296, 697, 945, 4
2.jpg, 625, 860, 998, 1240, 4
2.jpg, 311, 554, 1285, 1510, 4
2.jpg, 280, 517, 1122, 1333, 4
2.jpg, 808, 1037, 1079, 1301, 4
2.jpg, 641, 842, 1494, 1758, 4
2.jpg, 1027, 1227, 1019, 1259, 2
2.jpg, 1122, 1375, 1206, 1433, 4
2.jpg, 1032, 1304, 1304, 1515, 4
3.jpg, 48, 160, 122, 203, 1
3.jpg, 75, 175, 274, 382, 1
3.jpg, 135, 253, 247, 346, 1
4.jpg, 114, 221, 236, 330, 5
4.jpg, 127, 236, 100, 183, 5
4.jpg, 18, 131, 36, 121, 5
4.jpg, 286, 410, 249, 337, 5
4.jpg, 242, 371, 199, 288, 5
5.jpg, 136, 225, 174, 249, 5
5.jpg, 130, 218, 249, 326, 5
5.jpg, 192, 271, 218, 293, 5
5.jpg, 86, 174, 102, 170, 5
5.jpg, 227, 315, 131, 180, 5
6.jpg, 182, 335, 103, 205, 1
6.jpg, 192, 341, 247, 346, 1
6.jpg, 204, 344, 419, 526, 3
6.jpg, 191, 323, 561, 671, 4
7.jpg, 385, 524, 410, 538, 1
7.jpg, 443, 599, 500, 625, 1
7.jpg, 392, 530, 552, 664, 1
7.jpg, 460, 563, 664, 772, 2
7.jpg, 333, 440, 475, 571, 1
8.jpg, 272, 401, 396, 505, 4
8.jpg, 287, 408, 496, 607, 4
8.jpg, 193, 305, 520, 622, 4
9.jpg, 217, 341, 385, 474, 4
9.jpg, 373, 492, 315, 412, 1
9.jpg, 82, 183, 182, 283, 1
9.jpg, 60, 153, 88, 191, 1
9.jpg, 442, 500, 196, 264, 1
10.jpg, 261, 412, 141, 289, 1
10.jpg, 263, 434, 279, 422, 1
10.jpg, 248, 395, 425, 584, 1
10.jpg, 371, 560, 516, 675, 1
10.jpg, 233, 358, 573, 703, 1
10.jpg, 547, 624, 671, 742, 1
10.jpg, 597, 746, 0, 111, 1
10.jpg, 718, 850, 98, 195, 1
10.jpg, 654, 799, 387, 505, 1
10.jpg, 628, 756, 465, 573, 1
11.jpg, 24, 73, 68, 111, 1
11.jpg, 40, 96, 34, 84, 1
11.jpg, 56, 94, 15, 40, 1
11.jpg, 148, 202, 18, 65, 1
11.jpg, 178, 235, 53, 109, 1
12.jpg, 428, 544, 0, 108, 1
12.jpg, 355, 491, 115, 262, 2
12.jpg, 496, 637, 114, 249, 3
12.jpg, 280, 416, 491, 623, 4
12.jpg, 303, 412, 325, 457, 3
12.jpg, 358, 484, 368, 490, 3
12.jpg, 403, 528, 283, 398, 3
12.jpg, 428, 549, 399, 517, 3
12.jpg, 403, 521, 214, 315, 4
13.jpg, 126, 255, 13, 106, 1
13.jpg, 59, 176, 79, 174, 1
14.jpg, 224, 295, 250, 321, 4
14.jpg, 252, 342, 185, 251, 1
14.jpg, 242, 331, 94, 164, 2
14.jpg, 155, 236, 148, 218, 4
14.jpg, 128, 189, 275, 343, 5
14.jpg, 199, 280, 1, 61, 5
14.jpg, 147, 220, 53, 121, 4
14.jpg, 85, 128, 107, 167, 5
14.jpg, 34, 81, 335, 380, 5
14.jpg, 9, 67, 194, 230, 5
14.jpg, 0, 47, 83, 119, 4
14.jpg, 0, 51, 133, 168, 5
14.jpg, 0, 42, 34, 84, 5
15.jpg, 162, 197, 66, 103, 1
15.jpg, 106, 153, 126, 159, 1
15.jpg, 146, 178, 179, 213, 1
15.jpg, 160, 196, 295, 345, 1
15.jpg, 80, 113, 216, 249, 1
15.jpg, 67, 107, 193, 229, 1
16.jpg, 332, 423, 264, 336, 1
16.jpg, 259, 343, 232, 302, 1
16.jpg, 176, 248, 184, 256, 1
16.jpg, 290, 349, 194, 248, 1
16.jpg, 160, 229, 311, 383, 1
16.jpg, 171, 241, 376, 447, 1
16.jpg, 90, 153, 149, 220, 1
16.jpg, 65, 133, 342, 423, 1
17.jpg, 80, 183, 76, 154, 4
17.jpg, 119, 206, 202, 275, 4
17.jpg, 39, 134, 178, 252, 4
17.jpg, 90, 183, 272, 345, 4
17.jpg, 168, 260, 261, 333, 4
18.jpg, 149, 209, 118, 175, 4
18.jpg, 108, 166, 181, 239, 4
18.jpg, 132, 190, 234, 290, 2
18.jpg, 158, 221, 191, 248, 4
19.jpg, 234, 342, 145, 232, 1
19.jpg, 255, 404, 317, 426, 1
19.jpg, 323, 428, 431, 523, 1
19.jpg, 276, 399, 511, 636, 1
19.jpg, 119, 217, 856, 939, 1
19.jpg, 16, 110, 881, 974, 1
19.jpg, 14, 117, 402, 523, 1
19.jpg, 19, 119, 515, 618, 1
20.jpg, 717, 879, 235, 356, 1
20.jpg, 623, 772, 154, 271, 1
20.jpg, 595, 755, 398, 519, 1
20.jpg, 337, 485, 108, 231, 1
20.jpg, 431, 558, 187, 322, 1
20.jpg, 467, 620, 361, 488, 1
20.jpg, 75, 210, 276, 392, 1
20.jpg, 221, 347, 387, 507, 1
20.jpg, 21, 126, 496, 592, 1
20.jpg, 100, 213, 511, 606, 1
21.jpg, 187, 238, 136, 169, 1
21.jpg, 154, 205, 82, 114, 1
21.jpg, 143, 195, 106, 144, 1
21.jpg, 91, 150, 109, 146, 1
22.jpg, 51, 89, 19, 45, 1
22.jpg, 77, 115, 80, 112, 1
22.jpg, 32, 61, 147, 178, 1
22.jpg, 14, 40, 184, 211, 1
22.jpg, 81, 117, 116, 143, 1
22.jpg, 91, 123, 142, 167, 1
22.jpg, 112, 143, 161, 187, 1
22.jpg, 91, 123, 182, 214, 1
22.jpg, 162, 194, 54, 78, 1
22.jpg, 190, 213, 122, 144, 1
22.jpg, 174, 204, 137, 161, 1
22.jpg, 117, 148, 196, 222, 1
23.jpg, 130, 205, 4, 65, 1
23.jpg, 40, 112, 37, 96, 4
23.jpg, 78, 150, 79, 133, 4
23.jpg, 192, 275, 96, 159, 4
23.jpg, 135, 224, 164, 230, 4
23.jpg, 106, 194, 223, 297, 4
24.jpg, 373, 467, 331, 416, 5
24.jpg, 345, 422, 502, 569, 5
24.jpg, 328, 414, 392, 470, 5
24.jpg, 240, 306, 404, 469, 5
24.jpg, 122, 182, 118, 174, 5
24.jpg, 310, 379, 346, 402, 5
25.jpg, 14, 90, 172, 262, 3
25.jpg, 25, 105, 274, 377, 3
25.jpg, 64, 160, 198, 286, 3
25.jpg, 100, 196, 269, 348, 3
25.jpg, 192, 263, 263, 353, 3
25.jpg, 247, 347, 219, 301, 3
25.jpg, 194, 285, 174, 255, 3
25.jpg, 145, 245, 115, 198, 3
25.jpg, 100, 171, 47, 157, 3
25.jpg, 46, 136, 34, 117, 3
25.jpg, 313, 390, 127, 201, 4
25.jpg, 331, 390, 42, 128, 3
26.jpg, 241, 424, 71, 332, 2
26.jpg, 115, 363, 254, 484, 2
27.jpg, 201, 399, 256, 437, 4
27.jpg, 136, 354, 467, 636, 4
27.jpg, 363, 534, 539, 707, 4
27.jpg, 569, 742, 487, 610, 4
28.jpg, 184, 264, 93, 183, 4
28.jpg, 191, 274, 181, 263, 5
28.jpg, 272, 356, 164, 235, 3
28.jpg, 346, 439, 132, 209, 2
28.jpg, 305, 391, 93, 163, 2
29.jpg, 75, 95, 121, 140, 1
29.jpg, 87, 105, 135, 152, 1
29.jpg, 163, 182, 123, 143, 1
29.jpg, 162, 182, 136, 152, 1
29.jpg, 192, 208, 28, 43, 1
29.jpg, 128, 148, 35, 53, 4
29.jpg, 123, 141, 52, 71, 4
30.jpg, 316, 454, 295, 404, 1
30.jpg, 353, 521, 385, 510, 1
30.jpg, 562, 730, 623, 746, 1
30.jpg, 630, 819, 455, 596, 1
31.jpg, 155, 227, 128, 193, 2
31.jpg, 196, 263, 157, 223, 2
31.jpg, 186, 255, 199, 247, 2
31.jpg, 154, 240, 244, 303, 2
31.jpg, 124, 203, 340, 407, 2
31.jpg, 100, 167, 271, 349, 1
31.jpg, 31, 107, 335, 396, 1
31.jpg, 111, 183, 220, 275, 1
32.jpg, 59, 177, 896, 1015, 5
32.jpg, 232, 360, 926, 1030, 4
32.jpg, 166, 298, 741, 846, 2
32.jpg, 368, 509, 801, 918, 2
32.jpg, 402, 538, 680, 785, 4
32.jpg, 6, 99, 510, 599, 4
33.jpg, 219, 305, 654, 716, 4
33.jpg, 199, 303, 584, 660, 4
33.jpg, 127, 225, 455, 536, 4
33.jpg, 284, 382, 374, 460, 4
33.jpg, 212, 311, 301, 381, 4
33.jpg, 318, 421, 237, 316, 5
33.jpg, 365, 481, 81, 169, 5
33.jpg, 302, 394, 104, 213, 4
33.jpg, 390, 444, 3, 76, 4
34.jpg, 295, 464, 348, 492, 2
34.jpg, 148, 302, 34, 167, 2
35.jpg, 0, 61, 369, 421, 1
35.jpg, 0, 49, 294, 354, 2
35.jpg, 276, 343, 405, 459, 2
35.jpg, 327, 393, 339, 383, 1
35.jpg, 211, 284, 294, 346, 2
35.jpg, 264, 338, 286, 332, 1
35.jpg, 336, 400, 177, 224, 1
35.jpg, 227, 307, 228, 281, 2
35.jpg, 211, 280, 173, 221, 1
35.jpg, 121, 203, 130, 179, 2
35.jpg, 141, 221, 85, 134, 1
35.jpg, 76, 146, 36, 89, 1
36.jpg, 283, 388, 146, 260, 4
36.jpg, 217, 313, 45, 162, 3
36.jpg, 147, 258, 126, 217, 2
36.jpg, 26, 155, 187, 290, 1
36.jpg, 9, 113, 242, 372, 4
36.jpg, 8, 127, 91, 191, 4
37.jpg, 2352, 3018, 1657, 2105, 1
37.jpg, 2122, 2749, 1163, 1754, 1
37.jpg, 1309, 1900, 1442, 1887, 1
37.jpg, 1776, 2297, 3985, 4313, 1
37.jpg, 1407, 1894, 2622, 3009, 1
37.jpg, 1534, 2082, 2826, 3212, 1
37.jpg, 1422, 1839, 2117, 2486, 1
37.jpg, 1262, 1748, 2431, 2781, 1
37.jpg, 606, 1078, 3235, 3649, 1
37.jpg, 371, 811, 2687, 3278, 1
37.jpg, 353, 736, 2263, 2723, 1
37.jpg, 99, 573, 2851, 3294, 1
37.jpg, 1789, 2365, 1022, 1443, 1
37.jpg, 779, 1116, 1949, 2171, 1
38.jpg, 93, 181, 81, 174, 1
38.jpg, 123, 213, 181, 282, 1
38.jpg, 211, 341, 145, 230, 1
38.jpg, 162, 264, 234, 310, 1
39.jpg, 112, 220, 82, 165, 1
39.jpg, 196, 284, 12, 79, 1
40.jpg, 343, 598, 37, 297, 1
40.jpg, 531, 790, 511, 707, 1
40.jpg, 366, 586, 625, 885, 1
41.jpg, 27, 70, 318, 361, 5
41.jpg, 88, 133, 327, 365, 4
41.jpg, 138, 187, 282, 325, 2
41.jpg, 151, 198, 241, 277, 5
41.jpg, 65, 113, 264, 300, 2
41.jpg, 8, 42, 182, 212, 4
42.jpg, 122, 196, 163, 228, 1
42.jpg, 157, 242, 215, 281, 1
42.jpg, 132, 206, 268, 322, 1
42.jpg, 85, 144, 229, 277, 1
42.jpg, 10, 86, 320, 368, 1
43.jpg, 709, 855, 95, 257, 4
43.jpg, 546, 788, 657, 837, 5
43.jpg, 423, 633, 345, 508, 3
43.jpg, 335, 521, 561, 722, 4
43.jpg, 210, 413, 649, 803, 5
43.jpg, 84, 281, 466, 632, 4
44.jpg, 76, 143, 239, 290, 4
44.jpg, 31, 91, 197, 245, 4
44.jpg, 81, 152, 189, 241, 4
44.jpg, 118, 180, 123, 173, 4
44.jpg, 234, 313, 139, 192, 4
44.jpg, 196, 262, 171, 217, 4
44.jpg, 247, 312, 207, 275, 4
44.jpg, 247, 320, 195, 239, 4
44.jpg, 230, 287, 267, 328, 4
45.jpg, 404, 725, 61, 330, 3
45.jpg, 415, 637, 312, 513, 4
45.jpg, 175, 407, 305, 511, 2
45.jpg, 162, 378, 501, 745, 1
46.jpg, 318, 499, 599, 754, 1
46.jpg, 265, 356, 747, 827, 3
46.jpg, 274, 422, 316, 435, 1
46.jpg, 363, 531, 239, 367, 2
46.jpg, 117, 239, 188, 294, 2
46.jpg, 3, 80, 215, 281, 2
47.jpg, 315, 471, 279, 393, 5
47.jpg, 275, 418, 388, 500, 4
47.jpg, 385, 516, 362, 456, 4
47.jpg, 122, 236, 325, 437, 5
47.jpg, 40, 179, 437, 549, 3
47.jpg, 0, 87, 516, 625, 4
48.jpg, 65, 163, 427, 500, 3
48.jpg, 78, 188, 353, 440, 2
48.jpg, 17, 129, 239, 318, 4
48.jpg, 117, 219, 232, 309, 1
48.jpg, 73, 166, 176, 250, 4
48.jpg, 125, 222, 299, 354, 4
48.jpg, 191, 315, 330, 393, 2
48.jpg, 215, 320, 245, 338, 4
48.jpg, 154, 257, 171, 250, 3
48.jpg, 339, 468, 271, 351, 4
48.jpg, 321, 456, 199, 290, 4
48.jpg, 290, 412, 151, 245, 4
48.jpg, 285, 383, 49, 125, 5
48.jpg, 368, 468, 22, 105, 5
49.jpg, 260, 317, 210, 257, 3
49.jpg, 225, 293, 174, 221, 5
49.jpg, 118, 175, 165, 214, 4
49.jpg, 154, 205, 203, 268, 3
49.jpg, 176, 235, 256, 327, 3
49.jpg, 172, 233, 322, 367, 4
49.jpg, 118, 182, 387, 440, 3
49.jpg, 66, 138, 310, 359, 4
49.jpg, 86, 141, 402, 451, 4
49.jpg, 55, 108, 204, 247, 5
50.jpg, 86, 150, 28, 100, 1
50.jpg, 122, 199, 78, 138, 3
50.jpg, 104, 175, 132, 200, 1
51.jpg, 492, 547, 160, 201, 5
51.jpg, 433, 480, 206, 249, 5
51.jpg, 279, 333, 223, 263, 5
51.jpg, 217, 277, 218, 258, 5
51.jpg, 128, 167, 150, 185, 1
51.jpg, 128, 171, 109, 145, 5
51.jpg, 159, 216, 85, 130, 4
51.jpg, 225, 282, 87, 126, 4
51.jpg, 275, 320, 130, 158, 3
51.jpg, 289, 342, 90, 127, 5
51.jpg, 336, 381, 99, 141, 4
51.jpg, 334, 377, 66, 103, 4
51.jpg, 359, 412, 38, 78, 4
51.jpg, 388, 441, 79, 116, 4
51.jpg, 503, 537, 203, 233, 5
52.jpg, 636, 731, 237, 320, 5
52.jpg, 566, 661, 316, 397, 5
52.jpg, 490, 588, 238, 330, 5
52.jpg, 570, 652, 266, 332, 5
52.jpg, 532, 626, 335, 406, 4
53.jpg, 573, 666, 190, 311, 1
53.jpg, 573, 691, 311, 417, 1
53.jpg, 452, 573, 624, 718, 4
53.jpg, 390, 498, 864, 960, 1
53.jpg, 125, 210, 800, 901, 3
53.jpg, 613, 708, 429, 526, 1
53.jpg, 286, 403, 80, 181, 1
53.jpg, 217, 309, 43, 165, 1
53.jpg, 232, 324, 155, 291, 1
53.jpg, 241, 379, 255, 327, 1
53.jpg, 525, 602, 723, 778, 1
53.jpg, 255, 378, 480, 582, 4
53.jpg, 13, 118, 326, 409, 1
54.jpg, 316, 429, 607, 706, 4
54.jpg, 183, 305, 463, 560, 5
54.jpg, 307, 440, 286, 390, 5
54.jpg, 582, 697, 465, 552, 5
54.jpg, 832, 908, 450, 539, 5
54.jpg, 821, 916, 522, 633, 5
54.jpg, 779, 859, 445, 543, 5
55.jpg, 110, 202, 5, 131, 1
55.jpg, 7, 113, 22, 183, 1
55.jpg, 169, 296, 203, 309, 2
55.jpg, 112, 222, 171, 302, 1
55.jpg, 141, 250, 315, 450, 1
55.jpg, 50, 153, 280, 424, 1
55.jpg, 2, 109, 433, 579, 1
56.jpg, 45, 152, 16, 112, 3
56.jpg, 91, 178, 114, 205, 2
56.jpg, 144, 265, 65, 161, 3
56.jpg, 258, 371, 69, 163, 3
56.jpg, 210, 306, 307, 405, 3
56.jpg, 116, 218, 275, 364, 3
56.jpg, 52, 160, 338, 424, 2
57.jpg, 204, 255, 29, 75, 1
57.jpg, 179, 253, 198, 248, 1
57.jpg, 161, 240, 229, 292, 1
58.jpg, 191, 219, 108, 133, 5
58.jpg, 100, 129, 108, 134, 5
58.jpg, 65, 92, 98, 125, 4
58.jpg, 97, 125, 214, 239, 4
59.jpg, 39, 99, 221, 271, 4
59.jpg, 28, 84, 179, 228, 4
59.jpg, 192, 235, 157, 194, 5
59.jpg, 166, 206, 127, 158, 1
59.jpg, 114, 167, 99, 146, 4
59.jpg, 154, 208, 49, 110, 4
59.jpg, 146, 195, 12, 58, 4
60.jpg, 35, 176, 35, 134, 3
60.jpg, 190, 316, 103, 197, 5
60.jpg, 257, 352, 292, 390, 2
60.jpg, 437, 537, 270, 365, 2
60.jpg, 415, 537, 133, 225, 5
60.jpg, 336, 459, 186, 292, 2
60.jpg, 28, 150, 92, 171, 4
61.jpg, 289, 326, 408, 435, 1
61.jpg, 188, 208, 294, 310, 1
61.jpg, 113, 159, 253, 283, 1
61.jpg, 79, 118, 238, 273, 1
61.jpg, 85, 114, 271, 296, 1
61.jpg, 58, 99, 290, 321, 1
61.jpg, 2, 37, 328, 356, 1
61.jpg, 2, 32, 158, 182, 1
61.jpg, 2, 29, 191, 210, 1
62.jpg, 758, 1024, 720, 959, 4
62.jpg, 706, 976, 330, 570, 4
62.jpg, 526, 804, 152, 448, 4
62.jpg, 528, 796, 574, 817, 4
62.jpg, 299, 645, 401, 682, 4
62.jpg, 196, 566, 619, 872, 4
63.jpg, 312, 484, 137, 260, 1
63.jpg, 227, 376, 218, 335, 1
63.jpg, 109, 253, 215, 348, 1
63.jpg, 168, 324, 134, 240, 1
64.jpg, 53, 107, 146, 191, 4
64.jpg, 189, 228, 281, 332, 4
64.jpg, 180, 221, 239, 285, 4
64.jpg, 210, 242, 253, 290, 5
64.jpg, 360, 418, 146, 190, 4
64.jpg, 307, 347, 231, 285, 2
64.jpg, 325, 377, 200, 241, 3
64.jpg, 280, 331, 179, 217, 4
65.jpg, 291, 332, 317, 374, 5
65.jpg, 259, 319, 234, 274, 5
65.jpg, 225, 284, 155, 203, 5
65.jpg, 176, 236, 70, 125, 5
65.jpg, 107, 162, 121, 162, 5
65.jpg, 153, 212, 217, 261, 5
65.jpg, 134, 193, 247, 292, 5
65.jpg, 57, 101, 196, 256, 5
66.jpg, 15, 45, 23, 44, 3
66.jpg, 113, 152, 75, 105, 5
66.jpg, 153, 186, 181, 214, 5
66.jpg, 117, 155, 212, 251, 4
66.jpg, 73, 101, 228, 257, 4
66.jpg, 83, 117, 239, 272, 4
66.jpg, 80, 113, 186, 214, 3
67.jpg, 337, 417, 138, 204, 1
67.jpg, 415, 495, 367, 436, 1
67.jpg, 349, 412, 377, 454, 1
67.jpg, 339, 407, 313, 374, 1
67.jpg, 261, 310, 351, 402, 1
68.jpg, 604, 749, 363, 487, 4
68.jpg, 629, 768, 472, 600, 4
68.jpg, 512, 649, 510, 626, 4
69.jpg, 82, 151, 76, 141, 4
69.jpg, 80, 140, 180, 233, 5
70.jpg, 61, 157, 90, 186, 1
70.jpg, 0, 81, 494, 595, 1
70.jpg, 143, 244, 627, 734, 1
70.jpg, 137, 260, 709, 809, 1
70.jpg, 136, 261, 984, 1085, 1
70.jpg, 113, 194, 1117, 1193, 1
70.jpg, 367, 464, 1044, 1123, 1
70.jpg, 368, 482, 885, 969, 1
70.jpg, 521, 639, 1083, 1161, 1
70.jpg, 562, 656, 1012, 1084, 1
70.jpg, 623, 759, 919, 1032, 1
70.jpg, 665, 790, 837, 937, 1
70.jpg, 662, 767, 747, 826, 1
70.jpg, 528, 658, 500, 599, 1
70.jpg, 339, 469, 512, 622, 1
70.jpg, 257, 395, 643, 744, 1
70.jpg, 204, 338, 451, 536, 1
